Code,Name,Name KH,Category Code,Unit ID,Cost,Price,Alert Quantity, Tax Rate Name,Tax Method,Subcategory Code,Product Variants Separated by |,Supplier1(No),Supplier2(No),Supplier3(No),Supplier4(No),Supplier5(No),Custom Field 1,Custom Field 2,Custom Field 3,Custom Field 4,Custom Field 5,Custom Field 6,Image,Type(standard or service)
AKG01001,AKG Y10,,C-001,1,1,1,0, No Tax, exclusive,,,,,,,,,,,,,,no_image.png,standard
AKG01003,AKG Y23 ,,C-001,1,1,1,0, No Tax, exclusive,,,,,,,,,,,,,,no_image.png,standard
AKG01004,AKG Y40 ,,C-001,1,1,1,0, No Tax, exclusive,,,,,,,,,,,,,,no_image.png,standard
AKG01005,AKG Y45 ,,C-001,1,1,1,0, No Tax, exclusive,,,,,,,,,,,,,,no_image.png,standard
AKG01006,AKG Y55 ,,C-001,1,1,1,0, No Tax, exclusive,,,,,,,,,,,,,,no_image.png,standard
AKG01007,AKG N20 ,,C-001,1,1,1,0, No Tax, exclusive,,,,,,,,,,,,,,no_image.png,standard
AKG01008,AKG Y50 BT,,C-001,1,1,1,0, No Tax, exclusive,,,,,,,,,,,,,,no_image.png,standard
AKG01009,AKG N30,,C-001,1,1,1,0, No Tax, exclusive,,,,,,,,,,,,,,no_image.png,standard
AKG01010,AKG C7,,C-001,1,1,1,0, No Tax, exclusive,,,,,,,,,,,,,,no_image.png,standard
AKG01012,AKG N25,,C-001,1,1,1,0, No Tax, exclusive,,,,,,,,,,,,,,no_image.png,standard
AKG01019,AKG N20NC,,C-001,1,1,1,0, No Tax, exclusive,,,,,,,,,,,,,,no_image.png,standard
AKG01020,AKG N60NC,,C-001,1,1,1,0, No Tax, exclusive,,,,,,,,,,,,,,no_image.png,standard
AMP01002,AVR151S/230,,C-002,1,1,1,0, No Tax, exclusive,,,,,,,,,,,,,,no_image.png,standard
AMP01003,AVR 161S/230,,C-002,1,1,1,0, No Tax, exclusive,,,,,,,,,,,,,,no_image.png,standard
AMP01004,AVR 171S/230,,C-002,1,1,1,0, No Tax, exclusive,,,,,,,,,,,,,,no_image.png,standard
AMP01006,DENON AVRX520BTBKE2,,C-002,1,1,1,0, No Tax, exclusive,,,,,,,,,,,,,,no_image.png,standard
AMP01007,DENON AVRX1300WBKE2,,C-002,1,1,1,0, No Tax, exclusive,,,,,,,,,,,,,,no_image.png,standard
AMP01011,DENON AVR3300WBKE2,,C-002,1,1,1,0, No Tax, exclusive,,,,,,,,,,,,,,no_image.png,standard
AMP01012,DENON AVR4300HBKE2,,C-002,1,1,1,0, No Tax, exclusive,,,,,,,,,,,,,,no_image.png,standard
AMP01013,DENON AVR6300HBKE2,,C-002,1,1,1,0, No Tax, exclusive,,,,,,,,,,,,,,no_image.png,standard
AMP01017,AVR3700/230,,C-002,1,1,1,0, No Tax, exclusive,,,,,,,,,,,,,,no_image.png,standard
AMP01018,AVR3770/230,,C-002,1,1,1,0, No Tax, exclusive,,,,,,,,,,,,,,no_image.png,standard
AMP01025,PMA720AEBK2,,C-002,1,1,1,0, No Tax, exclusive,,,,,,,,,,,,,,no_image.png,standard
AMP01028,DA10SPEM,,C-002,1,1,1,0, No Tax, exclusive,,,,,,,,,,,,,,no_image.png,standard
AMP01030,Pioneer BDP-3130 DVD,,C-002,1,1,1,0, No Tax, exclusive,,,,,,,,,,,,,,no_image.png,standard
AMP01032,Marantz UD7007S1D,,C-002,1,1,1,0, No Tax, exclusive,,,,,,,,,,,,,,no_image.png,standard
AMP01034,Cambridge Audio Azur 351C,,C-002,1,1,1,0, No Tax, exclusive,,,,,,,,,,,,,,no_image.png,standard
AMP01038,Mark levision NO585 eu USA,,C-002,1,1,1,0, No Tax, exclusive,,,,,,,,,,,,,,no_image.png,standard
AMP01039,Sony DVP-SR370,,C-002,1,1,1,0, No Tax, exclusive,,,,,,,,,,,,,,no_image.png,standard
AMP01040,Oppo UDP-203 DVD Player,,C-002,1,1,1,0, No Tax, exclusive,,,,,,,,,,,,,,no_image.png,standard
AMP01042,AVR-4308,,C-002,1,1,1,0, No Tax, exclusive,,,,,,,,,,,,,,no_image.png,standard
AMP01043,DVD-3930,,C-002,1,1,1,0, No Tax, exclusive,,,,,,,,,,,,,,no_image.png,standard
AMP01045,JBL RMA 330A/230,,C-002,1,1,1,0, No Tax, exclusive,,,,,,,,,,,,,,no_image.png,standard
AMP01049,Denon AVRX7200W,,C-002,1,1,1,0, No Tax, exclusive,,,,,,,,,,,,,,no_image.png,standard
AMP01050,Denon DCD1600NE,,C-002,1,1,1,0, No Tax, exclusive,,,,,,,,,,,,,,no_image.png,standard
AMP01051,Denon DCD2500NE,,C-002,1,1,1,0, No Tax, exclusive,,,,,,,,,,,,,,no_image.png,standard
AMP01052,Denon PMA2500NE,,C-002,1,1,1,0, No Tax, exclusive,,,,,,,,,,,,,,no_image.png,standard
AK010011,A7115,,Anker,1,1,1,0, No Tax, exclusive,,,,,,,,,,,,,,no_image.png,standard
AVRPA01032,JBL CLUB 704 70Wx4CH Amplifier,,C-004,1,1,1,0, No Tax, exclusive,,,,,,,,,,,,,,no_image.png,standard
BS010009,Belkin 1.8m 3 Sockets,,C-005,1,1,1,0, No Tax, exclusive,,,,,,,,,,,,,,no_image.png,standard
BS010011,Micro-usb to usb cable,,C-005,1,1,1,0, No Tax, exclusive,,,,,,,,,,,,,,no_image.png,standard
BS010012,4 port usb 3.0 hub,,C-005,1,1,1,0, No Tax, exclusive,,,,,,,,,,,,,,no_image.png,standard
BS010013,7 port usb 2.0 hub,,C-005,1,1,1,0, No Tax, exclusive,,,,,,,,,,,,,,no_image.png,standard
BS010014,4 port passenger car charger,,C-005,1,1,1,0, No Tax, exclusive,,,,,,,,,,,,,,no_image.png,standard
BS010015,Usb 4 port powered desktop hub,,C-005,1,1,1,0, No Tax, exclusive,,,,,,,,,,,,,,no_image.png,standard
BS010017,Universal home charger,,C-005,1,1,1,0, No Tax, exclusive,,,,,,,,,,,,,,no_image.png,standard
BS010019,Usb-C to Micro-B cable,,C-005,1,1,1,0, No Tax, exclusive,,,,,,,,,,,,,,no_image.png,standard
BS010020,Usb-C to Usb-C charger cable,,C-005,1,1,1,0, No Tax, exclusive,,,,,,,,,,,,,,no_image.png,standard
BS010021,Usb-C to Usb-A charger cable,,C-005,1,1,1,0, No Tax, exclusive,,,,,,,,,,,,,,no_image.png,standard
BS010022,Usb-C to Micro-Usb charge cable,,C-005,1,1,1,0, No Tax, exclusive,,,,,,,,,,,,,,no_image.png,standard
BS010023,Usb-C to Usb-A Adapter,,C-005,1,1,1,0, No Tax, exclusive,,,,,,,,,,,,,,no_image.png,standard
BS010024,Usb 2.0 Travel hub,,C-005,1,1,1,0, No Tax, exclusive,,,,,,,,,,,,,,no_image.png,standard
BS010026,Usb-C to Vga adapter,,C-005,1,1,1,0, No Tax, exclusive,,,,,,,,,,,,,,no_image.png,standard
BS010027,Usb-C Cable,,C-005,1,1,1,0, No Tax, exclusive,,,,,,,,,,,,,,no_image.png,standard
BS010028,2 port car charger ,,C-005,1,1,1,0, No Tax, exclusive,,,,,,,,,,,,,,no_image.png,standard
BS010029,Usb-C car charger + Usb-C cable,,C-005,1,1,1,0, No Tax, exclusive,,,,,,,,,,,,,,no_image.png,standard
CB010079,Cable VIA Blue,,C-006,2,1,1,0, No Tax, exclusive,,,,,,,,,,,,,,no_image.png,standard
CB010096,Cable NF-S2 SILVER DIGITAL 100M SPOOL,,C-006,2,1,1,0, No Tax, exclusive,,,,,,,,,,,,,,no_image.png,standard
CB010097,Cable NF-B SUBWOOFER 100M SPOOL,,C-006,2,1,1,0, No Tax, exclusive,,,,,,,,,,,,,,no_image.png,standard
CB010098,Cable SC-4 SILVER 50M SPOOL,,C-006,2,1,1,0, No Tax, exclusive,,,,,,,,,,,,,,no_image.png,standard
CB010099,T302+T302+Audio cable 2*1.5m2(20M),,C-006,2,1,1,0, No Tax, exclusive,,,,,,,,,,,,,,no_image.png,standard
CB010100,Electric cable 4*16 soft,,C-006,2,1,1,0, No Tax, exclusive,,,,,,,,,,,,,,no_image.png,standard
CC000001,Cable NF-S6 AIR *RCA* (cable with connector 1pair/box),,C-007,1,1,1,0, No Tax, exclusive,,,,,,,,,,,,,,no_image.png,standard
CC000002,Cable SC4-BI-WIRE*T6S BAN* (300 CM 1PAIR/BOX),,C-007,1,1,1,0, No Tax, exclusive,,,,,,,,,,,,,,no_image.png,standard
CC000003,Cable NF-S1*RCA/3.5 PHONO*STEREO 100CM (1PS/BOX),,C-007,1,1,1,0, No Tax, exclusive,,,,,,,,,,,,,,no_image.png,standard
CC000004,T6S*RCA PLUG* 2PAIRS,,C-007,1,1,1,0, No Tax, exclusive,,,,,,,,,,,,,,no_image.png,standard
CN000001,T6S*PHONO PLUG*3.5MM*STEREO 2PCES,,C-008,1,1,1,0, No Tax, exclusive,,,,,,,,,,,,,,no_image.png,standard
CN000002,T6S*PHONO PLUG*6.5MM*STEREO 2PCES,,C-008,1,1,1,0, No Tax, exclusive,,,,,,,,,,,,,,no_image.png,standard
CN000003,T6S*XLR*MALE BLACK 1PS,,C-008,1,1,1,0, No Tax, exclusive,,,,,,,,,,,,,,no_image.png,standard
CN000004,T6S*XLR*MALE RED 1PS,,C-008,1,1,1,0, No Tax, exclusive,,,,,,,,,,,,,,no_image.png,standard
CN000005,T6S*XLR*FEMALE BLACK 1PS,,C-008,1,1,1,0, No Tax, exclusive,,,,,,,,,,,,,,no_image.png,standard
CN000006,T6S*XLR*FEMALE  RED 1PS,,C-008,1,1,1,0, No Tax, exclusive,,,,,,,,,,,,,,no_image.png,standard
HP010013,JBL J88i,,C-011 ,1,1,1,0, No Tax, exclusive,,,,,,,,,,,,,,no_image.png,standard
HP010014,JBL E15 ,,C-011 ,1,1,1,0, No Tax, exclusive,,,,,,,,,,,,,,no_image.png,standard
HP010015,JBL E25,,C-011 ,1,1,1,0, No Tax, exclusive,,,,,,,,,,,,,,no_image.png,standard
HP010016,JBL E30 ,,C-011 ,1,1,1,0, No Tax, exclusive,,,,,,,,,,,,,,no_image.png,standard
HP010017,JBL E35,,C-011 ,1,1,1,0, No Tax, exclusive,,,,,,,,,,,,,,no_image.png,standard
HP010018,JBL E40 ,,C-011 ,1,1,1,0, No Tax, exclusive,,,,,,,,,,,,,,no_image.png,standard
HP010019,JBL E45 BT,,C-011 ,1,1,1,0, No Tax, exclusive,,,,,,,,,,,,,,no_image.png,standard
HP010020,JBL E50 ,,C-011 ,1,1,1,0, No Tax, exclusive,,,,,,,,,,,,,,no_image.png,standard
HP010021,JBL E55 EQ,,C-011 ,1,1,1,0, No Tax, exclusive,,,,,,,,,,,,,,no_image.png,standard
HP010022,JBL Reflect BT ,,C-011 ,1,1,1,0, No Tax, exclusive,,,,,,,,,,,,,,no_image.png,standard
HP010023,JBL Reflect  Mini BT,,C-011 ,1,1,1,0, No Tax, exclusive,,,,,,,,,,,,,,no_image.png,standard
HP010024,JBL Reflect Aware ,,C-011 ,1,1,1,0, No Tax, exclusive,,,,,,,,,,,,,,no_image.png,standard
HP010026,JBL Ref Contour BLK,,C-011 ,1,1,1,0, No Tax, exclusive,,,,,,,,,,,,,,no_image.png,standard
HP010028,JBL V300,,C-011 ,1,1,1,0, No Tax, exclusive,,,,,,,,,,,,,,no_image.png,standard
HP010031,JBL V700NXT(Elite),,C-011 ,1,1,1,0, No Tax, exclusive,,,,,,,,,,,,,,no_image.png,standard
HP010032,Soho BT,,C-011 ,1,1,1,0, No Tax, exclusive,,,,,,,,,,,,,,no_image.png,standard
HP010033,JBL Sport Wireless,,C-011 ,1,1,1,0, No Tax, exclusive,,,,,,,,,,,,,,no_image.png,standard
HP010034,JBL T450,,C-011 ,1,1,1,0, No Tax, exclusive,,,,,,,,,,,,,,no_image.png,standard
HP010035,JBL T110 ,,C-011 ,1,1,1,0, No Tax, exclusive,,,,,,,,,,,,,,no_image.png,standard
HP010036,JBL T290,,C-011 ,1,1,1,0, No Tax, exclusive,,,,,,,,,,,,,,no_image.png,standard
HP010037,JBL EVEREST V110BT,,C-011 ,1,1,1,0, No Tax, exclusive,,,,,,,,,,,,,,no_image.png,standard
HP010038,JBL T110 BT,,C-011 ,1,1,1,0, No Tax, exclusive,,,,,,,,,,,,,,no_image.png,standard
HP010039,JBL T205,,C-011 ,1,1,1,0, No Tax, exclusive,,,,,,,,,,,,,,no_image.png,standard
HP010040,JBL T210,,C-011 ,1,1,1,0, No Tax, exclusive,,,,,,,,,,,,,,no_image.png,standard
HP010041,JBL T450 BT,,C-011 ,1,1,1,0, No Tax, exclusive,,,,,,,,,,,,,,no_image.png,standard
HP010045,JBL JR 300,,C-011 ,1,1,1,0, No Tax, exclusive,,,,,,,,,,,,,,no_image.png,standard
HP010046,JBL JR 300BT,,C-011 ,1,1,1,0, No Tax, exclusive,,,,,,,,,,,,,,no_image.png,standard
HP010047,JBL EVEREST V310 BT,,C-011 ,1,1,1,0, No Tax, exclusive,,,,,,,,,,,,,,no_image.png,standard
HP010048,UAJBLIE BT( JBL Under Armaur),,C-011 ,1,1,1,0, No Tax, exclusive,,,,,,,,,,,,,,no_image.png,standard
HP010049,Bluetooth Headset YKB-K9,,C-011 ,1,1,1,0, No Tax, exclusive,,,,,,,,,,,,,,no_image.png,standard
HP010050,JBL Focus 100 NB,,C-011 ,1,1,1,0, No Tax, exclusive,,,,,,,,,,,,,,no_image.png,standard
HP010051,JBL INSP 300RNB,,C-011 ,1,1,1,0, No Tax, exclusive,,,,,,,,,,,,,,no_image.png,standard
HP010052,JBL EVEREST V750 BT,,C-011 ,1,1,1,0, No Tax, exclusive,,,,,,,,,,,,,,no_image.png,standard
HP010053,JBL FOCUS 300 ,,C-011 ,1,1,1,0, No Tax, exclusive,,,,,,,,,,,,,,no_image.png,standard
HP010054,JBL E65 BT,,C-011 ,1,1,1,0, No Tax, exclusive,,,,,,,,,,,,,,no_image.png,standard
HP010055,JBL UA Under ammor(sport wireless flex ),,C-011 ,1,1,1,0, No Tax, exclusive,,,,,,,,,,,,,,no_image.png,standard
HP010056,JBL HPCC Charging case,,C-011 ,1,1,1,0, No Tax, exclusive,,,,,,,,,,,,,,no_image.png,standard
HP010057,JBL INSP100 BK,,C-011 ,1,1,1,0, No Tax, exclusive,,,,,,,,,,,,,,no_image.png,standard
HP010058,JBL Endurance-RUN,,C-011 ,1,1,1,0, No Tax, exclusive,,,,,,,,,,,,,,no_image.png,standard
HP010059,JBL Tune 600BT,,C-011 ,1,1,1,0, No Tax, exclusive,,,,,,,,,,,,,,no_image.png,standard
HP010060,JBL FOCUS 500,,C-011 ,1,1,1,0, No Tax, exclusive,,,,,,,,,,,,,,no_image.png,standard
HP010061,JBL FOCUS 700,,C-011 ,1,1,1,0, No Tax, exclusive,,,,,,,,,,,,,,no_image.png,standard
HP010062,JBL Refflect FIT,,C-011 ,1,1,1,0, No Tax, exclusive,,,,,,,,,,,,,,no_image.png,standard
HP010063,JBL FREE BT,,C-011 ,1,1,1,0, No Tax, exclusive,,,,,,,,,,,,,,no_image.png,standard
HP010064,JBL INSP500,,C-011 ,1,1,1,0, No Tax, exclusive,,,,,,,,,,,,,,no_image.png,standard
HP010065,JBL INSP700,,C-011 ,1,1,1,0, No Tax, exclusive,,,,,,,,,,,,,,no_image.png,standard
HP010066,JBL E55 BT,,C-011 ,1,1,1,0, No Tax, exclusive,,,,,,,,,,,,,,no_image.png,standard
HP01001,Arena SUB100PBK/230,,C-012,1,1,1,0, No Tax, exclusive,,,,,,,,,,,,,,no_image.png,standard
HP01002,JBL SUB 12/230,,C-012,1,1,1,0, No Tax, exclusive,,,,,,,,,,,,,,no_image.png,standard
HP01003,JBL SUB250PBK,,C-012,1,1,1,0, No Tax, exclusive,,,,,,,,,,,,,,no_image.png,standard
HP01004,JBL Onbeat Mini,,C-012,1,1,1,0, No Tax, exclusive,,,,,,,,,,,,,,no_image.png,standard
HP01006,JBL Pebbles,,C-012,1,1,1,0, No Tax, exclusive,,,,,,,,,,,,,,no_image.png,standard
HP01007,JBL Omni 10 ,,C-012,1,1,1,0, No Tax, exclusive,,,,,,,,,,,,,,no_image.png,standard
HP01008,JBL Omni 20,,C-012,1,1,1,0, No Tax, exclusive,,,,,,,,,,,,,,no_image.png,standard
HP01009,JBL L16,,C-012,1,1,1,0, No Tax, exclusive,,,,,,,,,,,,,,no_image.png,standard
HP01010,JBL L8,,C-012,1,1,1,0, No Tax, exclusive,,,,,,,,,,,,,,no_image.png,standard
HP01011,JBL Horizon,,C-012,1,1,1,0, No Tax, exclusive,,,,,,,,,,,,,,no_image.png,standard
HP01012,JBL Soundstick Wireless,,C-012,1,1,1,0, No Tax, exclusive,,,,,,,,,,,,,,no_image.png,standard
HP01013,JBL Control X ,,C-012,1,1,1,0, No Tax, exclusive,,,,,,,,,,,,,,no_image.png,standard
HP01014,JBL SB100/AS,,C-012,1,1,1,0, No Tax, exclusive,,,,,,,,,,,,,,no_image.png,standard
HP01015,JBL SB350/230,,C-012,1,1,1,0, No Tax, exclusive,,,,,,,,,,,,,,no_image.png,standard
HP01016,JBL SB400SUB/230,,C-012,1,1,1,0, No Tax, exclusive,,,,,,,,,,,,,,no_image.png,standard
HP01017,JBL SB400CNTR/230,,C-012,1,1,1,0, No Tax, exclusive,,,,,,,,,,,,,,no_image.png,standard
HP01019,JBL Cinema Base/230,,C-012,1,1,1,0, No Tax, exclusive,,,,,,,,,,,,,,no_image.png,standard
HP01020,JBL Cinema 510/230,,C-012,1,1,1,0, No Tax, exclusive,,,,,,,,,,,,,,no_image.png,standard
HP01021,JBL Cinema 610/230,,C-012,1,1,1,0, No Tax, exclusive,,,,,,,,,,,,,,no_image.png,standard
HP01022,LS Center,,C-012,1,1,1,0, No Tax, exclusive,,,,,,,,,,,,,,no_image.png,standard
HP01024,LS120P/230,,C-012,1,1,1,0, No Tax, exclusive,,,,,,,,,,,,,,no_image.png,standard
HP01026,SP6CII,,C-012,1,1,1,0, No Tax, exclusive,,,,,,,,,,,,,,no_image.png,standard
HP01027,SP8CII,,C-012,1,1,1,0, No Tax, exclusive,,,,,,,,,,,,,,no_image.png,standard
HP01028,Studio 225CBK,,C-012,1,1,1,0, No Tax, exclusive,,,,,,,,,,,,,,no_image.png,standard
HP01031,Studio 520CBK,,C-012,1,1,1,0, No Tax, exclusive,,,,,,,,,,,,,,no_image.png,standard
HP01032,Studio 580BK,,C-012,1,1,1,0, No Tax, exclusive,,,,,,,,,,,,,,no_image.png,standard
HP01033,Studio 590CBK,,C-012,1,1,1,0, No Tax, exclusive,,,,,,,,,,,,,,no_image.png,standard
HP01034,Studio 530BK,,C-012,1,1,1,0, No Tax, exclusive,,,,,,,,,,,,,,no_image.png,standard
HP01035,ARENA125CBK,,C-012,1,1,1,0, No Tax, exclusive,,,,,,,,,,,,,,no_image.png,standard
HP01036,ARENA180BK,,C-012,1,1,1,0, No Tax, exclusive,,,,,,,,,,,,,,no_image.png,standard
HP01037,ARENA130BK,,C-012,1,1,1,0, No Tax, exclusive,,,,,,,,,,,,,,no_image.png,standard
HP01038,Revel M16BK(Concerta2),,C-012,1,1,1,0, No Tax, exclusive,,,,,,,,,,,,,,no_image.png,standard
HP01039,Revel C25BK(Concerta2),,C-012,1,1,1,0, No Tax, exclusive,,,,,,,,,,,,,,no_image.png,standard
HP01041,Revel F36BK(Concerta2),,C-012,1,1,1,0, No Tax, exclusive,,,,,,,,,,,,,,no_image.png,standard
HP01042,Revel B10BK(Concerta2),,C-012,1,1,1,0, No Tax, exclusive,,,,,,,,,,,,,,no_image.png,standard
HP01043,Revel B112WAV(Performa3),,C-012,1,1,1,0, No Tax, exclusive,,,,,,,,,,,,,,no_image.png,standard
HP01044,Revel F208WA(Performa3),,C-012,1,1,1,0, No Tax, exclusive,,,,,,,,,,,,,,no_image.png,standard
HP01045,JBL RM12,,C-012,1,1,1,0, No Tax, exclusive,,,,,,,,,,,,,,no_image.png,standard
HP01047,HK Aura,,C-012,1,1,1,0, No Tax, exclusive,,,,,,,,,,,,,,no_image.png,standard
HP01049,HK SB20BLK,,C-012,1,1,1,0, No Tax, exclusive,,,,,,,,,,,,,,no_image.png,standard
HP01050,JBL SB450(BK),,C-012,1,1,1,0, No Tax, exclusive,,,,,,,,,,,,,,no_image.png,standard
HP01052,Revel M106WA(Performa3),,C-012,1,1,1,0, No Tax, exclusive,,,,,,,,,,,,,,no_image.png,standard
HP01053,Revel C208WA(Performa3),,C-012,1,1,1,0, No Tax, exclusive,,,,,,,,,,,,,,no_image.png,standard
HP01054,Revel S206MB,,C-012,1,1,1,0, No Tax, exclusive,,,,,,,,,,,,,,no_image.png,standard
HP01056,Revel B1/230,,C-012,1,1,1,0, No Tax, exclusive,,,,,,,,,,,,,,no_image.png,standard
HP01057,Revel M105 WA,,C-012,1,1,1,0, No Tax, exclusive,,,,,,,,,,,,,,no_image.png,standard
HP01058,JBL SDP 25/220,,C-012,1,1,1,0, No Tax, exclusive,,,,,,,,,,,,,,no_image.png,standard
HP01059,JBL SDA7200/220,,C-012,1,1,1,0, No Tax, exclusive,,,,,,,,,,,,,,no_image.png,standard
HP01060,REVEL C263,,C-012,1,1,1,0, No Tax, exclusive,,,,,,,,,,,,,,no_image.png,standard
HP01061,REVEL C363,,C-012,1,1,1,0, No Tax, exclusive,,,,,,,,,,,,,,no_image.png,standard
HP01062,REVEL C763L,,C-012,1,1,1,0, No Tax, exclusive,,,,,,,,,,,,,,no_image.png,standard
HP01063,REVEL C783,,C-012,1,1,1,0, No Tax, exclusive,,,,,,,,,,,,,,no_image.png,standard
HP01064,REVEL W263,,C-012,1,1,1,0, No Tax, exclusive,,,,,,,,,,,,,,no_image.png,standard
HP01065,REVEL W383,,C-012,1,1,1,0, No Tax, exclusive,,,,,,,,,,,,,,no_image.png,standard
HP01066,Mark levision NO523 eu USA,,C-012,1,1,1,0, No Tax, exclusive,,,,,,,,,,,,,,no_image.png,standard
HP01067,Mark levision NO532 H-eu USA,,C-012,1,1,1,0, No Tax, exclusive,,,,,,,,,,,,,,no_image.png,standard
HP01069,REVEL SALON 2,,C-012,1,1,1,0, No Tax, exclusive,,,,,,,,,,,,,,no_image.png,standard
IG010005,I GO Detroit,,I GO,1,1,1,0, No Tax, exclusive,,,,,,,,,,,,,,no_image.png,standard
JH010003,Jabra 2045,,C-014,1,1,1,0, No Tax, exclusive,,,,,,,,,,,,,,no_image.png,standard
JH010004,Jabra Classic ,,C-014,1,1,1,0, No Tax, exclusive,,,,,,,,,,,,,,no_image.png,standard
JH010008,Jabra Mini ,,C-014,1,1,1,0, No Tax, exclusive,,,,,,,,,,,,,,no_image.png,standard
JH010009,Jabra Play ,,C-014,1,1,1,0, No Tax, exclusive,,,,,,,,,,,,,,no_image.png,standard
JH010010,Jabra Rox,,C-014,1,1,1,0, No Tax, exclusive,,,,,,,,,,,,,,no_image.png,standard
JH010011,Jabra Stealth ,,C-014,1,1,1,0, No Tax, exclusive,,,,,,,,,,,,,,no_image.png,standard
JH010012,Jabra Steel,,C-014,1,1,1,0, No Tax, exclusive,,,,,,,,,,,,,,no_image.png,standard
JH010013,Jabra Stone 3,,C-014,1,1,1,0, No Tax, exclusive,,,,,,,,,,,,,,no_image.png,standard
JH010015,Jabra Boost ,,C-014,1,1,1,0, No Tax, exclusive,,,,,,,,,,,,,,no_image.png,standard
JH010016,Jabra Talk ,,C-014,1,1,1,0, No Tax, exclusive,,,,,,,,,,,,,,no_image.png,standard
JH010017,Jabra Wave,,C-014,1,1,1,0, No Tax, exclusive,,,,,,,,,,,,,,no_image.png,standard
JH010018,Jabra Move ,,C-014,1,1,1,0, No Tax, exclusive,,,,,,,,,,,,,,no_image.png,standard
JH010019,Jabra Freeway,,C-014,1,1,1,0, No Tax, exclusive,,,,,,,,,,,,,,no_image.png,standard
JH010020,Jabra Motion ,,C-014,1,1,1,0, No Tax, exclusive,,,,,,,,,,,,,,no_image.png,standard
JH010021,Jabra Sport Plus Wireless,,C-014,1,1,1,0, No Tax, exclusive,,,,,,,,,,,,,,no_image.png,standard
JH010023,Jabra Eclipse,,C-014,1,1,1,0, No Tax, exclusive,,,,,,,,,,,,,,no_image.png,standard
JH010024,Jabra Halo Fusion BLK,,C-014,1,1,1,0, No Tax, exclusive,,,,,,,,,,,,,,no_image.png,standard
JH010027,Jabra Stealth Black,,C-014,1,1,1,0, No Tax, exclusive,,,,,,,,,,,,,,no_image.png,standard
JBLPT01002,JBL Clip II ,,C-015,1,1,1,0, No Tax, exclusive,,,,,,,,,,,,,,no_image.png,standard
JBLPT01003,JBL Flip III ,,C-015,1,1,1,0, No Tax, exclusive,,,,,,,,,,,,,,no_image.png,standard
JBLPT01004,JBL Esquire ,,C-015,1,1,1,0, No Tax, exclusive,,,,,,,,,,,,,,no_image.png,standard
JBLPT01005,JBL Esquire 2,,C-015,1,1,1,0, No Tax, exclusive,,,,,,,,,,,,,,no_image.png,standard
JBLPT01006,JBL Esquire Mini ,,C-015,1,1,1,0, No Tax, exclusive,,,,,,,,,,,,,,no_image.png,standard
JBLPT01008,JBL Charge III ,,C-015,1,1,1,0, No Tax, exclusive,,,,,,,,,,,,,,no_image.png,standard
JBLPT01010,JBL Pulse,,C-015,1,1,1,0, No Tax, exclusive,,,,,,,,,,,,,,no_image.png,standard
JBLPT01011,JBL Pulse II,,C-015,1,1,1,0, No Tax, exclusive,,,,,,,,,,,,,,no_image.png,standard
JBLPT01012,JBL Xtreme ,,C-015,1,1,1,0, No Tax, exclusive,,,,,,,,,,,,,,no_image.png,standard
JBLPT01014,Onyx Mini ,,C-015,1,1,1,0, No Tax, exclusive,,,,,,,,,,,,,,no_image.png,standard
JBLPT01016,Onyx Studio 3,,C-015,1,1,1,0, No Tax, exclusive,,,,,,,,,,,,,,no_image.png,standard
JBLPT01017,JBL Go ,,C-015,1,1,1,0, No Tax, exclusive,,,,,,,,,,,,,,no_image.png,standard
JBLPT01018,GoPlay,,C-015,1,1,1,0, No Tax, exclusive,,,,,,,,,,,,,,no_image.png,standard
JBLPT01019,JBL TRIP BLK,,C-015,1,1,1,0, No Tax, exclusive,,,,,,,,,,,,,,no_image.png,standard
JBLPT01021,JBL Flip 4,,C-015,1,1,1,0, No Tax, exclusive,,,,,,,,,,,,,,no_image.png,standard
JBLPT01022,JBL EVEREST 710BT,,C-015,1,1,1,0, No Tax, exclusive,,,,,,,,,,,,,,no_image.png,standard
JBLPT01023,Onyx Studio 4,,C-015,1,1,1,0, No Tax, exclusive,,,,,,,,,,,,,,no_image.png,standard
JBLPT01024,BOOMBOX,,C-015,1,1,1,0, No Tax, exclusive,,,,,,,,,,,,,,no_image.png,standard
JBLPT01025,JBL PULSE 3,,C-015,1,1,1,0, No Tax, exclusive,,,,,,,,,,,,,,no_image.png,standard
JBLPT01026,AURA Studio 2,,C-015,1,1,1,0, No Tax, exclusive,,,,,,,,,,,,,,no_image.png,standard
MIS010001,Micro SD 2GB Strontuim Box,,C-019,1,1,1,0, No Tax, exclusive,,,,,,,,,,,,,,no_image.png,standard
MIS010003,Micro SD 4GB Strontuim Box,,C-019,1,1,1,0, No Tax, exclusive,,,,,,,,,,,,,,no_image.png,standard
MIS010005,Micro SD 8GB Strontuim Box,,C-019,1,1,1,0, No Tax, exclusive,,,,,,,,,,,,,,no_image.png,standard
MIS010007,Micro SD 16GB Strontuim(10),,C-019,1,1,1,0, No Tax, exclusive,,,,,,,,,,,,,,no_image.png,standard
MIS010009,Micro SD 32GB Strontuim(10),,C-019,1,1,1,0, No Tax, exclusive,,,,,,,,,,,,,,no_image.png,standard
MIS010014,MOBILE WIFI CLOUD,,C-019,1,1,1,0, No Tax, exclusive,,,,,,,,,,,,,,no_image.png,standard
PL010001,Philips SHC 5100,,C-023,1,1,1,0, No Tax, exclusive,,,,,,,,,,,,,,no_image.png,standard
PL010002,Philips BT2500,,C-023,1,1,1,0, No Tax, exclusive,,,,,,,,,,,,,,no_image.png,standard
PL010003,Philips BT3500,,C-023,1,1,1,0, No Tax, exclusive,,,,,,,,,,,,,,no_image.png,standard
PL010004,Philips SHE 2000,,C-023,1,1,1,0, No Tax, exclusive,,,,,,,,,,,,,,no_image.png,standard
PL010005,Philips SHE 1360,,C-023,1,1,1,0, No Tax, exclusive,,,,,,,,,,,,,,no_image.png,standard
PL010006,Philips SHE 3000,,C-023,1,1,1,0, No Tax, exclusive,,,,,,,,,,,,,,no_image.png,standard
SCD010001,Up Rock-122,,C-028 ,1,1,1,0, No Tax, exclusive,,,,,,,,,,,,,,no_image.png,standard
SCD010003,Crusher -003,,C-028 ,1,1,1,0, No Tax, exclusive,,,,,,,,,,,,,,no_image.png,standard
SCD010005,Smokin Bude-209,,C-028 ,1,1,1,0, No Tax, exclusive,,,,,,,,,,,,,,no_image.png,standard
SCD010006,Smokin Bude2-392,,C-028 ,1,1,1,0, No Tax, exclusive,,,,,,,,,,,,,,no_image.png,standard
SCD010007,Method-405,,C-028 ,1,1,1,0, No Tax, exclusive,,,,,,,,,,,,,,no_image.png,standard
SP010001,Main Board L16,,C-029,1,1,1,0, No Tax, exclusive,,,,,,,,,,,,,,no_image.png,standard
SP010002,Main Board Aura,,C-029,1,1,1,0, No Tax, exclusive,,,,,,,,,,,,,,no_image.png,standard
SP010003,Battery Xtream,,C-029,1,1,1,0, No Tax, exclusive,,,,,,,,,,,,,,no_image.png,standard
SP010005,Board Charge 2+ GG(ASACHAR20510),,C-029,1,1,1,0, No Tax, exclusive,,,,,,,,,,,,,,no_image.png,standard
SP010010,Battery Flip 3,,C-029,1,1,1,0, No Tax, exclusive,,,,,,,,,,,,,,no_image.png,standard
SP010011,Battery Esquire mini,,C-029,1,1,1,0, No Tax, exclusive,,,,,,,,,,,,,,no_image.png,standard
SP010013,Board L8,,C-029,1,1,1,0, No Tax, exclusive,,,,,,,,,,,,,,no_image.png,standard
SP010014,Power Supply L8,,C-029,1,1,1,0, No Tax, exclusive,,,,,,,,,,,,,,no_image.png,standard
SP010015,Battery Onyx,,C-029,1,1,1,0, No Tax, exclusive,,,,,,,,,,,,,,no_image.png,standard
SP010016,Battery Charge 2,,C-029,1,1,1,0, No Tax, exclusive,,,,,,,,,,,,,,no_image.png,standard
SP010017,Battery Charge 3,,C-029,1,1,1,0, No Tax, exclusive,,,,,,,,,,,,,,no_image.png,standard
SP010018,Revel F36 (EQ)tweeter revel,,C-029,1,1,1,0, No Tax, exclusive,,,,,,,,,,,,,,no_image.png,standard
SP010019,Revel B10(Speaker),,C-029,1,1,1,0, No Tax, exclusive,,,,,,,,,,,,,,no_image.png,standard
SP010020,Board Onyx,,C-029,1,1,1,0, No Tax, exclusive,,,,,,,,,,,,,,no_image.png,standard
SP010021,Battery goplay,,C-029,1,1,1,0, No Tax, exclusive,,,,,,,,,,,,,,no_image.png,standard
SP010024,MB XTREAM,,C-029,1,1,1,0, No Tax, exclusive,,,,,,,,,,,,,,no_image.png,standard
SP010025,MB CHARGE 3,,C-029,1,1,1,0, No Tax, exclusive,,,,,,,,,,,,,,no_image.png,standard
SP010026,MB GOPLAY,,C-029,1,1,1,0, No Tax, exclusive,,,,,,,,,,,,,,no_image.png,standard
SP010027,MB FLIP4,,C-029,1,1,1,0, No Tax, exclusive,,,,,,,,,,,,,,no_image.png,standard
SP010028,MB ONYXMINI,,C-029,1,1,1,0, No Tax, exclusive,,,,,,,,,,,,,,no_image.png,standard
SP010029,Speaker drive flip 4,,C-029,1,1,1,0, No Tax, exclusive,,,,,,,,,,,,,,no_image.png,standard
SP010030,Speaker Driver esquirmini,,C-029,1,1,1,0, No Tax, exclusive,,,,,,,,,,,,,,no_image.png,standard
SP010031,Speaker Driver Xtream,,C-029,1,1,1,0, No Tax, exclusive,,,,,,,,,,,,,,no_image.png,standard
SP010032,Full range speaker charge 3,,C-029,1,1,1,0, No Tax, exclusive,,,,,,,,,,,,,,no_image.png,standard
SP010033,Battery Flip 4,,C-029,1,1,1,0, No Tax, exclusive,,,,,,,,,,,,,,no_image.png,standard
SP010034,MB flip 3,,C-029,1,1,1,0, No Tax, exclusive,,,,,,,,,,,,,,no_image.png,standard
SP010035,AQ BOOMBOX,,C-029,1,1,1,0, No Tax, exclusive,,,,,,,,,,,,,,no_image.png,standard
SP010036,Speaker driver flip 3,,C-029,1,1,1,0, No Tax, exclusive,,,,,,,,,,,,,,no_image.png,standard
SP010037,Main board pulse 3,,C-029,1,1,1,0, No Tax, exclusive,,,,,,,,,,,,,,no_image.png,standard
SP010038,Mainboard assy boombox,,C-029,1,1,1,0, No Tax, exclusive,,,,,,,,,,,,,,no_image.png,standard
SP010039,Woofer xtreme,,C-029,1,1,1,0, No Tax, exclusive,,,,,,,,,,,,,,no_image.png,standard
SP010040,Main board onxystudio 4,,C-029,1,1,1,0, No Tax, exclusive,,,,,,,,,,,,,,no_image.png,standard
SP010041,Mainboard o ring pulse 3,,C-029,1,1,1,0, No Tax, exclusive,,,,,,,,,,,,,,no_image.png,standard
SP010042,Tweeter L20mm4R20KH boombox,,C-029,1,1,1,0, No Tax, exclusive,,,,,,,,,,,,,,no_image.png,standard
SP010043,MB Assy BOOMBOX,,C-029,1,1,1,0, No Tax, exclusive,,,,,,,,,,,,,,no_image.png,standard
SP010044,Battery Boombox,,C-029,1,1,1,0, No Tax, exclusive,,,,,,,,,,,,,,no_image.png,standard
SP010045,Battery onyxstudio 4,,C-029,1,1,1,0, No Tax, exclusive,,,,,,,,,,,,,,no_image.png,standard
SP010046,Adapter Boombox,,C-029,1,1,1,0, No Tax, exclusive,,,,,,,,,,,,,,no_image.png,standard
SP010047,Adapter onyxstudio 4,,C-029,1,1,1,0, No Tax, exclusive,,,,,,,,,,,,,,no_image.png,standard
SP010048,Battery pulse 3,,C-029,1,1,1,0, No Tax, exclusive,,,,,,,,,,,,,,no_image.png,standard
SP010049,Battery onyxmini,,C-029,1,1,1,0, No Tax, exclusive,,,,,,,,,,,,,,no_image.png,standard
SP010050,Battery esquire  ,,C-029,1,1,1,0, No Tax, exclusive,,,,,,,,,,,,,,no_image.png,standard
SP010051,tweeter goplay mini link,,C-029,1,1,1,0, No Tax, exclusive,,,,,,,,,,,,,,no_image.png,standard
SP010052,tweeter 40 HM xtream,,C-029,1,1,1,0, No Tax, exclusive,,,,,,,,,,,,,,no_image.png,standard
SP010053,MB Omi 10,,C-029,1,1,1,0, No Tax, exclusive,,,,,,,,,,,,,,no_image.png,standard
SP010054,Adapter goplay / xtream,,C-029,1,1,1,0, No Tax, exclusive,,,,,,,,,,,,,,no_image.png,standard
SP010055,Adapter xtream,,C-029,1,1,1,0, No Tax, exclusive,,,,,,,,,,,,,,no_image.png,standard
SK010004,Speaker Denon Envaya (DSB 200),,C-030,1,1,1,0, No Tax, exclusive,,,,,,,,,,,,,,no_image.png,standard
SK010005,Speaker Doss 1366    (Smart),,C-030,1,1,1,0, No Tax, exclusive,,,,,,,,,,,,,,no_image.png,standard
ZOT010023,HK Adapter ,,C-033,1,1,1,0, No Tax, exclusive,,,,,,,,,,,,,,no_image.png,standard
ZOT010025,Carry Bag BOOMBOX,,C-033,1,1,1,0, No Tax, exclusive,,,,,,,,,,,,,,no_image.png,standard
ZOT010033,Xtreme Bage,,C-033,1,1,1,0, No Tax, exclusive,,,,,,,,,,,,,,no_image.png,standard
ZOT010036,Eaton UPS 5PX 2200i RT2U,,C-033,1,1,1,0, No Tax, exclusive,,,,,,,,,,,,,,no_image.png,standard
ZOT010037,Jack Bluetooth Music Receiver,,C-033,1,1,1,0, No Tax, exclusive,,,,,,,,,,,,,,no_image.png,standard
ZOT010056,Case Charge 3/Flip 4 / pulse 3,,C-033,1,1,1,0, No Tax, exclusive,,,,,,,,,,,,,,no_image.png,standard
ZOT010057,JBL Free POS with sreen,,C-033,1,1,1,0, No Tax, exclusive,,,,,,,,,,,,,,no_image.png,standard
ZOT010061,BOOMBOX POS,,C-033,1,1,1,0, No Tax, exclusive,,,,,,,,,,,,,,no_image.png,standard
ZOT010062,PAA 6 Audio anglyzer,,C-033,1,1,1,0, No Tax, exclusive,,,,,,,,,,,,,,no_image.png,standard
ZOT010063,Future J3,,C-033,1,1,1,0, No Tax, exclusive,,,,,,,,,,,,,,no_image.png,standard
AKG01011,AKG-KM200,,C-001,1,1,1,0, No Tax, exclusive,,,,,,,,,,,,,,no_image.png,standard
AKG01016,Microphone AKG-208,,C-001,1,1,1,0, No Tax, exclusive,,,,,,,,,,,,,,no_image.png,standard
AKG01017,Microphone AKG-D5S,,C-001,1,1,1,0, No Tax, exclusive,,,,,,,,,,,,,,no_image.png,standard
AKG01018,Microphone AKG-WMS40 MINI DUAL Wirless system,,C-001,1,1,1,0, No Tax, exclusive,,,,,,,,,,,,,,no_image.png,standard
AMP01022,AVR​​​​​​​​​​ Pioneer-CP750Z C-Cinema sound procesor,,C-002,1,1,1,0, No Tax, exclusive,,,,,,,,,,,,,,no_image.png,standard
AMP01044,CDJ-350,,C-002,1,1,1,0, No Tax, exclusive,,,,,,,,,,,,,,no_image.png,standard
AVRPA01002,Crown-XLi1500,,C-004,1,1,1,0, No Tax, exclusive,,,,,,,,,,,,,,no_image.png,standard
AVRPA01003,Crown Xli 2500,,C-004,1,1,1,0, No Tax, exclusive,,,,,,,,,,,,,,no_image.png,standard
AVRPA01004,Crown-NXTI6002,,C-004,1,1,1,0, No Tax, exclusive,,,,,,,,,,,,,,no_image.png,standard
AVRPA01006,Crown-G135,,C-004,1,1,1,0, No Tax, exclusive,,,,,,,,,,,,,,no_image.png,standard
AVRPA01007,Crown-G160,,C-004,1,1,1,0, No Tax, exclusive,,,,,,,,,,,,,,no_image.png,standard
AVRPA01008,Crown-Nxls2002,,C-004,1,1,1,0, No Tax, exclusive,,,,,,,,,,,,,,no_image.png,standard
AVRPA01009,Crown-Nxls2000,,C-004,1,1,1,0, No Tax, exclusive,,,,,,,,,,,,,,no_image.png,standard
AVRPA01010,Crown-Nxti1002-U-AU,,C-004,1,1,1,0, No Tax, exclusive,,,,,,,,,,,,,,no_image.png,standard
AVRPA01011,Crown-Nxti4002-U-AU,,C-004,1,1,1,0, No Tax, exclusive,,,,,,,,,,,,,,no_image.png,standard
AVRPA01012,Crown-Xli3500,,C-004,1,1,1,0, No Tax, exclusive,,,,,,,,,,,,,,no_image.png,standard
AVRPA01013,Crown-MA5000i,,C-004,1,1,1,0, No Tax, exclusive,,,,,,,,,,,,,,no_image.png,standard
AVRPA01022,NVMA 1120 -34-EU,,C-004,1,1,1,0, No Tax, exclusive,,,,,,,,,,,,,,no_image.png,standard
AVRPA01023,Amplifer NT250,,C-004,1,1,1,0, No Tax, exclusive,,,,,,,,,,,,,,no_image.png,standard
AVRPA01024,Amplifer NT350,,C-004,1,1,1,0, No Tax, exclusive,,,,,,,,,,,,,,no_image.png,standard
AVRPA01025,V RACK Crown 3500,,C-004,1,1,1,0, No Tax, exclusive,,,,,,,,,,,,,,no_image.png,standard
AVRPA01026,V RACK Crown 12000,,C-004,1,1,1,0, No Tax, exclusive,,,,,,,,,,,,,,no_image.png,standard
AVRPA01027,Crown NT10-2-CN,,C-004,1,1,1,0, No Tax, exclusive,,,,,,,,,,,,,,no_image.png,standard
AVRPA01028,Crown NT7-2-CN,,C-004,1,1,1,0, No Tax, exclusive,,,,,,,,,,,,,,no_image.png,standard
AVRPA01029,Crown NT5-2-CN,,C-004,1,1,1,0, No Tax, exclusive,,,,,,,,,,,,,,no_image.png,standard
AVRPA01030,Crown NT3-2-CN,,C-004,1,1,1,0, No Tax, exclusive,,,,,,,,,,,,,,no_image.png,standard
AVRPA01031,Amplifer NT450,,C-004,1,1,1,0, No Tax, exclusive,,,,,,,,,,,,,,no_image.png,standard
CB010016,Cable 2in1,,C-006,2,1,1,0, No Tax, exclusive,,,,,,,,,,,,,,no_image.png,standard
CB010026,Cable Belden 8471(305M),,C-006,2,1,1,0, No Tax, exclusive,,,,,,,,,,,,,,no_image.png,standard
CB010028,Cable Speaker Supper Link(100m),,C-006,2,1,1,0, No Tax, exclusive,,,,,,,,,,,,,,no_image.png,standard
CB010034,Furutech FS-303 Speaker Cable(2rolls),,C-006,2,1,1,0, No Tax, exclusive,,,,,,,,,,,,,,no_image.png,standard
CB010040,Cable OPTIC HAI FAI,,C-006,2,1,1,0, No Tax, exclusive,,,,,,,,,,,,,,no_image.png,standard
CB010045,T903+T904+Mic Cable144(5m),,C-006,2,1,1,0, No Tax, exclusive,,,,,,,,,,,,,,no_image.png,standard
CB010056,Cable 2in2,,C-006,2,1,1,0, No Tax, exclusive,,,,,,,,,,,,,,no_image.png,standard
CB010057,T903+T904+CABLE 144(10M),,C-006,2,1,1,0, No Tax, exclusive,,,,,,,,,,,,,,no_image.png,standard
CB010058,T801+T605+CABLE144 (5M),,C-006,2,1,1,0, No Tax, exclusive,,,,,,,,,,,,,,no_image.png,standard
CB010059,T801+T801+CABLE 144(5M),,C-006,2,1,1,0, No Tax, exclusive,,,,,,,,,,,,,,no_image.png,standard
CB010060,T904+RCA2+CABLE 144(10M),,C-006,2,1,1,0, No Tax, exclusive,,,,,,,,,,,,,,no_image.png,standard
CB010061,RCA2+RCA2+CABLE 144(5M),,C-006,2,1,1,0, No Tax, exclusive,,,,,,,,,,,,,,no_image.png,standard
CB010062,T903+904+CABLE 144(3M),,C-006,2,1,1,0, No Tax, exclusive,,,,,,,,,,,,,,no_image.png,standard
CB010063,T903+T904+CABLE 144 (30M),,C-006,2,1,1,0, No Tax, exclusive,,,,,,,,,,,,,,no_image.png,standard
CB010064,T302+T302+Audio cable 2*2.5m2(25M),,C-006,2,1,1,0, No Tax, exclusive,,,,,,,,,,,,,,no_image.png,standard
CB010065,T823+T605+CABLE 144(4M),,C-006,2,1,1,0, No Tax, exclusive,,,,,,,,,,,,,,no_image.png,standard
CB010066,T605+605+Mic CABLE 144(30),,C-006,2,1,1,0, No Tax, exclusive,,,,,,,,,,,,,,no_image.png,standard
CB010067,T903+T904+Mic CABLE 144 (50M),,C-006,2,1,1,0, No Tax, exclusive,,,,,,,,,,,,,,no_image.png,standard
CB010068,T904+T801+Mic CABLE 144(5M),,C-006,2,1,1,0, No Tax, exclusive,,,,,,,,,,,,,,no_image.png,standard
CB010069,T903+T801+Mic CABLE 144(8M),,C-006,2,1,1,0, No Tax, exclusive,,,,,,,,,,,,,,no_image.png,standard
CB010070,T904+T605+Mic CABLE 144(1m),,C-006,2,1,1,0, No Tax, exclusive,,,,,,,,,,,,,,no_image.png,standard
CB010071,T605+T605+Mic CABLE144 (10m),,C-006,2,1,1,0, No Tax, exclusive,,,,,,,,,,,,,,no_image.png,standard
CB010072,J2001 0.8M XLR Male to female (1 IN 1),,C-006,2,1,1,0, No Tax, exclusive,,,,,,,,,,,,,,no_image.png,standard
CB010073,T903+T904+Mic cable 144(10M),,C-006,2,1,1,0, No Tax, exclusive,,,,,,,,,,,,,,no_image.png,standard
CB010076,T903+T904+Mic cable 144 (1M),,C-006,2,1,1,0, No Tax, exclusive,,,,,,,,,,,,,,no_image.png,standard
CB010077,T801+T801+ Mic cable 144 (0.5M),,C-006,2,1,1,0, No Tax, exclusive,,,,,,,,,,,,,,no_image.png,standard
CB010080,HDMI Cable 2 M Gold ,,C-006,2,1,1,0, No Tax, exclusive,,,,,,,,,,,,,,no_image.png,standard
CB010081,HDMI Cable 12 M Gold ,,C-006,2,1,1,0, No Tax, exclusive,,,,,,,,,,,,,,no_image.png,standard
CB010082,T605+T605+Mic CABLE144 (20m),,C-006,2,1,1,0, No Tax, exclusive,,,,,,,,,,,,,,no_image.png,standard
CB010083,T903+T904+Cable144 (2M),,C-006,2,1,1,0, No Tax, exclusive,,,,,,,,,,,,,,no_image.png,standard
CB010084,T904+T801+CABLE144 (1M),,C-006,2,1,1,0, No Tax, exclusive,,,,,,,,,,,,,,no_image.png,standard
CB010085,T605+T605+CABLE 144 (5m),,C-006,2,1,1,0, No Tax, exclusive,,,,,,,,,,,,,,no_image.png,standard
CB010086,Audio cable 4*4mm,,C-006,2,1,1,0, No Tax, exclusive,,,,,,,,,,,,,,no_image.png,standard
CB010087,Audio cable 8*4 mm,,C-006,2,1,1,0, No Tax, exclusive,,,,,,,,,,,,,,no_image.png,standard
CB010088,T903+T904+Cable 144 (15M),,C-006,2,1,1,0, No Tax, exclusive,,,,,,,,,,,,,,no_image.png,standard
CB010089,T302+T302+Audio cable 2*2.5m2(18M),,C-006,2,1,1,0, No Tax, exclusive,,,,,,,,,,,,,,no_image.png,standard
CB010090,T302+T302+Audio cable 2*2.5m2(20M),,C-006,2,1,1,0, No Tax, exclusive,,,,,,,,,,,,,,no_image.png,standard
CB010091,T302+T302+Audio cable 2*1.5m2(10M),,C-006,2,1,1,0, No Tax, exclusive,,,,,,,,,,,,,,no_image.png,standard
CB010092,T302+T302+Audio cable 2*1.5m2(8M),,C-006,2,1,1,0, No Tax, exclusive,,,,,,,,,,,,,,no_image.png,standard
CB010093,T302+Audio cable 2*1.5m2(5M),,C-006,2,1,1,0, No Tax, exclusive,,,,,,,,,,,,,,no_image.png,standard
CB010094,T302+Audio cable 2*1.5m2(6M),,C-006,2,1,1,0, No Tax, exclusive,,,,,,,,,,,,,,no_image.png,standard
CB010095,T302+T302+Audio cable 2*2.5m2 (10m),,C-006,2,1,1,0, No Tax, exclusive,,,,,,,,,,,,,,no_image.png,standard
DTP01001,KX200,,C-009,1,1,1,0, No Tax, exclusive,,,,,,,,,,,,,,no_image.png,standard
DTP01002,LEXMX400XLV-EU,,C-009,1,1,1,0, No Tax, exclusive,,,,,,,,,,,,,,no_image.png,standard
DTP01004,DBX-PA2,,C-009,1,1,1,0, No Tax, exclusive,,,,,,,,,,,,,,no_image.png,standard
DTP01005,DBX2231V,,C-009,1,1,1,0, No Tax, exclusive,,,,,,,,,,,,,,no_image.png,standard
DTP01006,DBX GORACK-V-04,,C-009,1,1,1,0, No Tax, exclusive,,,,,,,,,,,,,,no_image.png,standard
DTP01007,DBX ENU360,,C-009,1,1,1,0, No Tax, exclusive,,,,,,,,,,,,,,no_image.png,standard
DTP01008,Signature 16 EU Mixing system,,C-009,1,1,1,0, No Tax, exclusive,,,,,,,,,,,,,,no_image.png,standard
DTP01010,Karaoke Processer K85,,C-009,1,1,1,0, No Tax, exclusive,,,,,,,,,,,,,,no_image.png,standard
DTP01014,BF Audio Processor K7,,C-009,1,1,1,0, No Tax, exclusive,,,,,,,,,,,,,,no_image.png,standard
DTP01015,Sound craft UI 24R,,C-009,1,1,1,0, No Tax, exclusive,,,,,,,,,,,,,,no_image.png,standard
DTP01016,DBX231SV-EU,,C-009,1,1,1,0, No Tax, exclusive,,,,,,,,,,,,,,no_image.png,standard
DTP01017,KX180,,C-009,1,1,1,0, No Tax, exclusive,,,,,,,,,,,,,,no_image.png,standard
DTP01018,Soundcraft Note 5,,C-009,1,1,1,0, No Tax, exclusive,,,,,,,,,,,,,,no_image.png,standard
DTP01019,Soundcraft Note pad 8EF,,C-009,1,1,1,0, No Tax, exclusive,,,,,,,,,,,,,,no_image.png,standard
DTP01020,DBX RTA Measurment Microphone,,C-009,1,1,1,0, No Tax, exclusive,,,,,,,,,,,,,,no_image.png,standard
DTP01021,DBX 234 SV-EU,,C-009,1,1,1,0, No Tax, exclusive,,,,,,,,,,,,,,no_image.png,standard
DTP01022,Soundcraft Signature 22 MT EU Mixing system,,C-009,1,1,1,0, No Tax, exclusive,,,,,,,,,,,,,,no_image.png,standard
FL010001,Flash 8GB Ammo Silver,,C-010,1,1,1,0, No Tax, exclusive,,,,,,,,,,,,,,no_image.png,standard
FL010010,Flash 32GB OTG,,C-010,1,1,1,0, No Tax, exclusive,,,,,,,,,,,,,,no_image.png,standard
FL010014,Flash 32GB Gold,,C-010,1,1,1,0, No Tax, exclusive,,,,,,,,,,,,,,no_image.png,standard
HP010001,Headphone KOS 591,,C-011 ,1,1,1,0, No Tax, exclusive,,,,,,,,,,,,,,no_image.png,standard
HP010002,Headphone KOS 371,,C-011 ,1,1,1,0, No Tax, exclusive,,,,,,,,,,,,,,no_image.png,standard
HP010003,Headphone KOS 666,,C-011 ,1,1,1,0, No Tax, exclusive,,,,,,,,,,,,,,no_image.png,standard
HP010004,Headphone HP 800 ,,C-011 ,1,1,1,0, No Tax, exclusive,,,,,,,,,,,,,,no_image.png,standard
HP010005,Headset Track VB,,C-011 ,1,1,1,0, No Tax, exclusive,,,,,,,,,,,,,,no_image.png,standard
HP010007,Sol republic Amps HD,,C-011 ,1,1,1,0, No Tax, exclusive,,,,,,,,,,,,,,no_image.png,standard
HP010008,Headset DNA Monster,,C-011 ,1,1,1,0, No Tax, exclusive,,,,,,,,,,,,,,no_image.png,standard
HP010009,Audio Technica ATH-IM50,,C-011 ,1,1,1,0, No Tax, exclusive,,,,,,,,,,,,,,no_image.png,standard
HP01055,Control C60PS,,C-012,1,1,1,0, No Tax, exclusive,,,,,,,,,,,,,,no_image.png,standard
HP01068,JBL CLUB6520 6-1/2 INCH CAR COAXIAL SPEAKER,,C-012,1,1,1,0, No Tax, exclusive,,,,,,,,,,,,,,no_image.png,standard
JBLP01001,EON ONE/230,,C-016,1,1,1,0, No Tax, exclusive,,,,,,,,,,,,,,no_image.png,standard
JBLP01002,EON 206P,,C-016,1,1,1,0, No Tax, exclusive,,,,,,,,,,,,,,no_image.png,standard
JBLP01003,EON 208P,,C-016,1,1,1,0, No Tax, exclusive,,,,,,,,,,,,,,no_image.png,standard
JBLP01005,EON 610/230D,,C-016,1,1,1,0, No Tax, exclusive,,,,,,,,,,,,,,no_image.png,standard
JBLP01006,EON 612/230D china,,C-016,1,1,1,0, No Tax, exclusive,,,,,,,,,,,,,,no_image.png,standard
JBLP01007,EON 615/230D,,C-016,1,1,1,0, No Tax, exclusive,,,,,,,,,,,,,,no_image.png,standard
JBLP01008,EON 618S/230,,C-016,1,1,1,0, No Tax, exclusive,,,,,,,,,,,,,,no_image.png,standard
JBLP01009,JBL PRX 412MD,,C-016,1,1,1,0, No Tax, exclusive,,,,,,,,,,,,,,no_image.png,standard
JBLP01010,JBL PRX 415MD China,,C-016,1,1,1,0, No Tax, exclusive,,,,,,,,,,,,,,no_image.png,standard
JBLP01011,JBL PRX 418SD,,C-016,1,1,1,0, No Tax, exclusive,,,,,,,,,,,,,,no_image.png,standard
JBLP01012,JBL PRX 812W,,C-016,1,1,1,0, No Tax, exclusive,,,,,,,,,,,,,,no_image.png,standard
JBLP01013,JBL PRX 815W,,C-016,1,1,1,0, No Tax, exclusive,,,,,,,,,,,,,,no_image.png,standard
JBLP01014,JBL PRX 815XLFW,,C-016,1,1,1,0, No Tax, exclusive,,,,,,,,,,,,,,no_image.png,standard
JBLP01015,JBL PRX 818XLFW,,C-016,1,1,1,0, No Tax, exclusive,,,,,,,,,,,,,,no_image.png,standard
JBLP01016,JBL PRX 835W/230,,C-016,1,1,1,0, No Tax, exclusive,,,,,,,,,,,,,,no_image.png,standard
JBLP01017,JBL LSR305/203,,C-016,1,1,1,0, No Tax, exclusive,,,,,,,,,,,,,,no_image.png,standard
JBLP01019,JBL 8124 4"Ceiling SPKR W/ X-Former,,C-016,1,1,1,0, No Tax, exclusive,,,,,,,,,,,,,,no_image.png,standard
JBLP01020,8320 150W Compack Surround Speaker,,C-016,1,1,1,0, No Tax, exclusive,,,,,,,,,,,,,,no_image.png,standard
JBLP01021,Control 24C Micro(4" Compack Ceiling SPKR 8MSTRPK),,C-016,1,1,1,0, No Tax, exclusive,,,,,,,,,,,,,,no_image.png,standard
JBLP01023,KS 312,,C-016,1,1,1,0, No Tax, exclusive,,,,,,,,,,,,,,no_image.png,standard
JBLP01025,KP 6015,,C-016,1,1,1,0, No Tax, exclusive,,,,,,,,,,,,,,no_image.png,standard
JBLP01026,KP 6012,,C-016,1,1,1,0, No Tax, exclusive,,,,,,,,,,,,,,no_image.png,standard
JBLP01028,SRX 828SP,,C-016,1,1,1,0, No Tax, exclusive,,,,,,,,,,,,,,no_image.png,standard
JBLP01029,JBL LSR 308/203,,C-016,1,1,1,0, No Tax, exclusive,,,,,,,,,,,,,,no_image.png,standard
JBLP01032,EON 612/230 USA,,C-016,1,1,1,0, No Tax, exclusive,,,,,,,,,,,,,,no_image.png,standard
JBLP01035,JBL PRX 710/230,,C-016,1,1,1,0, No Tax, exclusive,,,,,,,,,,,,,,no_image.png,standard
JBLP01036,JBL PRX 712/230,,C-016,1,1,1,0, No Tax, exclusive,,,,,,,,,,,,,,no_image.png,standard
JBLP01041,JBL 8128,,C-016,1,1,1,0, No Tax, exclusive,,,,,,,,,,,,,,no_image.png,standard
JBLP01042,Control 85M,,C-016,1,1,1,0, No Tax, exclusive,,,,,,,,,,,,,,no_image.png,standard
JBLP01043,Control 88M,,C-016,1,1,1,0, No Tax, exclusive,,,,,,,,,,,,,,no_image.png,standard
JBLP01044,Ki 312,,C-016,1,1,1,0, No Tax, exclusive,,,,,,,,,,,,,,no_image.png,standard
JBLP01045,Ki 310,,C-016,1,1,1,0, No Tax, exclusive,,,,,,,,,,,,,,no_image.png,standard
JBLP01046,SRX 812(SRX812P =1 dp),,C-016,1,1,1,0, No Tax, exclusive,,,,,,,,,,,,,,no_image.png,standard
JBLP01047,SRX 815P/230,,C-016,1,1,1,0, No Tax, exclusive,,,,,,,,,,,,,,no_image.png,standard
JBLP01048,SRX 818SP/230,,C-016,1,1,1,0, No Tax, exclusive,,,,,,,,,,,,,,no_image.png,standard
JBLP01049,SRX 835P,,C-016,1,1,1,0, No Tax, exclusive,,,,,,,,,,,,,,no_image.png,standard
JBLP01052,JBL MQ82s,,C-016,1,1,1,0, No Tax, exclusive,,,,,,,,,,,,,,no_image.png,standard
JBLP01053,JBL MQ85s,,C-016,1,1,1,0, No Tax, exclusive,,,,,,,,,,,,,,no_image.png,standard
JBLP01056,JBL KP 25S,,C-016,1,1,1,0, No Tax, exclusive,,,,,,,,,,,,,,no_image.png,standard
JBLP01057,JBL KP 6018S,,C-016,1,1,1,0, No Tax, exclusive,,,,,,,,,,,,,,no_image.png,standard
JBLP01058,JBL EON ONE PRO,,C-016,1,1,1,0, No Tax, exclusive,,,,,,,,,,,,,,no_image.png,standard
JBLP01059,JRX 215D,,C-016,1,1,1,0, No Tax, exclusive,,,,,,,,,,,,,,no_image.png,standard
JBLP01060,JRX 218SD,,C-016,1,1,1,0, No Tax, exclusive,,,,,,,,,,,,,,no_image.png,standard
JBLP01061,JRX 225D,,C-016,1,1,1,0, No Tax, exclusive,,,,,,,,,,,,,,no_image.png,standard
JBLP01062,Ki 512 PAK,,C-016,1,1,1,0, No Tax, exclusive,,,,,,,,,,,,,,no_image.png,standard
JBLP01063,JBL Control 25C-1L/25C-1,,C-016,1,1,1,0, No Tax, exclusive,,,,,,,,,,,,,,no_image.png,standard
JBLP01064,JBL PRX 825W/230,,C-016,1,1,1,0, No Tax, exclusive,,,,,,,,,,,,,,no_image.png,standard
JBLP01065,JBL PRX 425D,,C-016,1,1,1,0, No Tax, exclusive,,,,,,,,,,,,,,no_image.png,standard
JBLP01066,SRX 818S,,C-016,1,1,1,0, No Tax, exclusive,,,,,,,,,,,,,,no_image.png,standard
JBLP01068,JBL Ki 510PAK,,C-016,1,1,1,0, No Tax, exclusive,,,,,,,,,,,,,,no_image.png,standard
JBLP01069,JBL MGS 81S,,C-016,1,1,1,0, No Tax, exclusive,,,,,,,,,,,,,,no_image.png,standard
JBLP01070,JBL MGS 82S,,C-016,1,1,1,0, No Tax, exclusive,,,,,,,,,,,,,,no_image.png,standard
JBLP01071,JBL KP 4015,,C-016,1,1,1,0, No Tax, exclusive,,,,,,,,,,,,,,no_image.png,standard
JBLP01072,JRX 212D,,C-016,1,1,1,0, No Tax, exclusive,,,,,,,,,,,,,,no_image.png,standard
JBLP01073,SUB WOOFER  4641,,C-016,1,1,1,0, No Tax, exclusive,,,,,,,,,,,,,,no_image.png,standard
JBLP01074,PRX 415M USA,,C-016,1,1,1,0, No Tax, exclusive,,,,,,,,,,,,,,no_image.png,standard
JBLP01075,Control 62P-WH,,C-016,1,1,1,0, No Tax, exclusive,,,,,,,,,,,,,,no_image.png,standard
JBLP01076,SRX 828S,,C-016,1,1,1,0, No Tax, exclusive,,,,,,,,,,,,,,no_image.png,standard
JBLP01077,JBL VTX A12 (4PCES/SET),,C-016,1,1,1,0, No Tax, exclusive,,,,,,,,,,,,,,no_image.png,standard
JBLP01078,SUB WOOFER  VTX-G28,,C-016,1,1,1,0, No Tax, exclusive,,,,,,,,,,,,,,no_image.png,standard
JBLP01079,Ki 312G,,C-016,1,1,1,0, No Tax, exclusive,,,,,,,,,,,,,,no_image.png,standard
JBLP01080,JBL PRX 625,,C-016,1,1,1,0, No Tax, exclusive,,,,,,,,,,,,,,no_image.png,standard
JBLP01081,SRX 815,,C-016,1,1,1,0, No Tax, exclusive,,,,,,,,,,,,,,no_image.png,standard
JBLP01082,SRX 835,,C-016,1,1,1,0, No Tax, exclusive,,,,,,,,,,,,,,no_image.png,standard
JBLP01083,Ki 310G,,C-016,1,1,1,0, No Tax, exclusive,,,,,,,,,,,,,,no_image.png,standard
JBLP01084,JBL 3722-HFD,,C-016,1,1,1,0, No Tax, exclusive,,,,,,,,,,,,,,no_image.png,standard
JBLP01085,JBL 3739D,,C-016,1,1,1,0, No Tax, exclusive,,,,,,,,,,,,,,no_image.png,standard
JBLP01086,Subwoofer  KS-12,,C-016,1,1,1,0, No Tax, exclusive,,,,,,,,,,,,,,no_image.png,standard
KS01001,Touch Screen Karaoke System 2T,,C-017,1,1,1,0, No Tax, exclusive,,,,,,,,,,,,,,no_image.png,standard
KS01002,Touch Screen Karaoke System 4T,,C-017,1,1,1,0, No Tax, exclusive,,,,,,,,,,,,,,no_image.png,standard
KS01003,Touch P-8 2TB +HDD,,C-017,1,1,1,0, No Tax, exclusive,,,,,,,,,,,,,,no_image.png,standard
KS01004,Touch P-8 3TB +HDD 3TB,,C-017,1,1,1,0, No Tax, exclusive,,,,,,,,,,,,,,no_image.png,standard
KS01005,Touch P-8 4TB+HDD 4TB,,C-017,1,1,1,0, No Tax, exclusive,,,,,,,,,,,,,,no_image.png,standard
MRL010001,Martin LJ/M-PC+Controller Kit,,C-018,1,1,1,0, No Tax, exclusive,,,,,,,,,,,,,,no_image.png,standard
MRL010002,Martin M-Toch,,C-018,1,1,1,0, No Tax, exclusive,,,,,,,,,,,,,,no_image.png,standard
MRL010003,RUSH MH1 Profile Plue,,C-018,1,1,1,0, No Tax, exclusive,,,,,,,,,,,,,,no_image.png,standard
MRL010004,RUSH MH2 Wash,,C-018,1,1,1,0, No Tax, exclusive,,,,,,,,,,,,,,no_image.png,standard
MRL010005,RUSH Strobe CWL,,C-018,1,1,1,0, No Tax, exclusive,,,,,,,,,,,,,,no_image.png,standard
MRL010006,RUSH PRA 2 RGBW Zoom,,C-018,1,1,1,0, No Tax, exclusive,,,,,,,,,,,,,,no_image.png,standard
MRL010007,RUSH PAR 1 RGBW,,C-018,1,1,1,0, No Tax, exclusive,,,,,,,,,,,,,,no_image.png,standard
MRL010008,RUSH DC 1 Aqua,,C-018,1,1,1,0, No Tax, exclusive,,,,,,,,,,,,,,no_image.png,standard
MRL010009,RUSH MH 3 Beam,,C-018,1,1,1,0, No Tax, exclusive,,,,,,,,,,,,,,no_image.png,standard
MRL010010,RUSH  MH 4 Beam,,C-018,1,1,1,0, No Tax, exclusive,,,,,,,,,,,,,,no_image.png,standard
MRL010011,RUSH MH 5 Profil,,C-018,1,1,1,0, No Tax, exclusive,,,,,,,,,,,,,,no_image.png,standard
MRL010012,RUSH MH 6 Wash,,C-018,1,1,1,0, No Tax, exclusive,,,,,,,,,,,,,,no_image.png,standard
MRL010013,RUSH MH 6  Wash CT,,C-018,1,1,1,0, No Tax, exclusive,,,,,,,,,,,,,,no_image.png,standard
MRL010014,RUSH MH 7 HYBRID,,C-018,1,1,1,0, No Tax, exclusive,,,,,,,,,,,,,,no_image.png,standard
MRL010015,RUSH MH 8 MINI ROFILE,,C-018,1,1,1,0, No Tax, exclusive,,,,,,,,,,,,,,no_image.png,standard
MRL010016,RUSH Gobo Projector,,C-018,1,1,1,0, No Tax, exclusive,,,,,,,,,,,,,,no_image.png,standard
MRL010017,RUSH PAR 2 RGBW ZOOM ,,C-018,1,1,1,0, No Tax, exclusive,,,,,,,,,,,,,,no_image.png,standard
MCP010004,Microphone FM(SM-86),,C-020,1,1,1,0, No Tax, exclusive,,,,,,,,,,,,,,no_image.png,standard
MCP010005,Microphone Shure(SM-88),,C-020,1,1,1,0, No Tax, exclusive,,,,,,,,,,,,,,no_image.png,standard
MCP010011,Peavey PVi2 Microphone,,C-020,1,1,1,0, No Tax, exclusive,,,,,,,,,,,,,,no_image.png,standard
MCP010014,Microphone TIT/tit528,,C-020,1,1,1,0, No Tax, exclusive,,,,,,,,,,,,,,no_image.png,standard
MCP010015,PRO Wirless Microphone NT95,,C-020,1,1,1,0, No Tax, exclusive,,,,,,,,,,,,,,no_image.png,standard
MCP010016,Microphone for NT95,,C-020,1,1,1,0, No Tax, exclusive,,,,,,,,,,,,,,no_image.png,standard
MCP010017,Wirelesss conference system NT- 16U-4DS III,,C-020,1,1,1,0, No Tax, exclusive,,,,,,,,,,,,,,no_image.png,standard
MCP010018,Microphone sound UHF (T85),,C-020,1,1,1,0, No Tax, exclusive,,,,,,,,,,,,,,no_image.png,standard
MCP010020,Microphone NT-6,,C-020,1,1,1,0, No Tax, exclusive,,,,,,,,,,,,,,no_image.png,standard
MCP010021,Microphone U301,,C-020,1,1,1,0, No Tax, exclusive,,,,,,,,,,,,,,no_image.png,standard
MCP010022,SHURE wireless Mic.sys.BLX24CN/SM58-M17,,C-020,1,1,1,0, No Tax, exclusive,,,,,,,,,,,,,,no_image.png,standard
MCP010023,SHURE wireless Mic.sys.SLX24A/SM58-H5,,C-020,1,1,1,0, No Tax, exclusive,,,,,,,,,,,,,,no_image.png,standard
MCP010024,Microphone K90,,C-020,1,1,1,0, No Tax, exclusive,,,,,,,,,,,,,,no_image.png,standard
MCP010025,Microphone TIT-M8000,,C-020,1,1,1,0, No Tax, exclusive,,,,,,,,,,,,,,no_image.png,standard
MCP010026,Microphone T-868,,C-020,1,1,1,0, No Tax, exclusive,,,,,,,,,,,,,,no_image.png,standard
MCP010027,PRO Wirless Microphone NT98,,C-020,1,1,1,0, No Tax, exclusive,,,,,,,,,,,,,,no_image.png,standard
MC010004,Soundcraft Si Expression 1 Console,,C-021,1,1,1,0, No Tax, exclusive,,,,,,,,,,,,,,no_image.png,standard
MC010005,Soundcraft Si Expression 2 Console,,C-021,1,1,1,0, No Tax, exclusive,,,,,,,,,,,,,,no_image.png,standard
MC010006,Soundcraft Si Expression 3 Console,,C-021,1,1,1,0, No Tax, exclusive,,,,,,,,,,,,,,no_image.png,standard
MC010007,Soundcraft Si Performer 1 Console,,C-021,1,1,1,0, No Tax, exclusive,,,,,,,,,,,,,,no_image.png,standard
MC010008,Signature 12 EU Mixing system,,C-021,1,1,1,0, No Tax, exclusive,,,,,,,,,,,,,,no_image.png,standard
MC010009,E535.000000EU(EFX8 console+k EU),,C-021,1,1,1,0, No Tax, exclusive,,,,,,,,,,,,,,no_image.png,standard
MC010010,E535.100000EU (EFX12 console+k EU),,C-021,1,1,1,0, No Tax, exclusive,,,,,,,,,,,,,,no_image.png,standard
MC010011,Soundcraft GB8-32 CHANEL,,C-021,1,1,1,0, No Tax, exclusive,,,,,,,,,,,,,,no_image.png,standard
MC010012,Soundcraft UI16,,C-021,1,1,1,0, No Tax, exclusive,,,,,,,,,,,,,,no_image.png,standard
M010002,Mouse GM 850,,C-022,1,1,1,0, No Tax, exclusive,,,,,,,,,,,,,,no_image.png,standard
M010006,Mouse WM 150,,C-022,1,1,1,0, No Tax, exclusive,,,,,,,,,,,,,,no_image.png,standard
PB010004,Power Bank YB L2,,C-024,1,1,1,0, No Tax, exclusive,,,,,,,,,,,,,,no_image.png,standard
PB010006,Power Bank YB M4 10400mAh WHITE,,C-024,1,1,1,0, No Tax, exclusive,,,,,,,,,,,,,,no_image.png,standard
PB010007,Power Bank YB S2 Set 5200mAh BLU,,C-024,1,1,1,0, No Tax, exclusive,,,,,,,,,,,,,,no_image.png,standard
PB010008,Power Bank YB-103,,C-024,1,1,1,0, No Tax, exclusive,,,,,,,,,,,,,,no_image.png,standard
PB010009,Power Bank YB-105,,C-024,1,1,1,0, No Tax, exclusive,,,,,,,,,,,,,,no_image.png,standard
PB010016,Power Bank YB-701 (4U) Charger WHITE Power Bank YB-701 (4U) Charger WHITE,,C-024,1,1,1,0, No Tax, exclusive,,,,,,,,,,,,,,no_image.png,standard
PS01000001,Power Switch Mr-1018A,,C-025,1,1,1,0, No Tax, exclusive,,,,,,,,,,,,,,no_image.png,standard
PS01000002,DBX MR3010 Power swith,,C-025,1,1,1,0, No Tax, exclusive,,,,,,,,,,,,,,no_image.png,standard
PS01000003,Power switch NT-PS30,,C-025,1,1,1,0, No Tax, exclusive,,,,,,,,,,,,,,no_image.png,standard
PRC010001,J9001,,C-026,2,1,1,0, No Tax, exclusive,,,,,,,,,,,,,,no_image.png,standard
PRC010002,Signal  Cable 144braidid wier(64*0.1)*2(1roll = 100m),,C-026,2,1,1,0, No Tax, exclusive,,,,,,,,,,,,,,no_image.png,standard
PRC010003,Speaker Cable Jinsanhu 2*1.0m2(1roll = 100m),,C-026,2,1,1,0, No Tax, exclusive,,,,,,,,,,,,,,no_image.png,standard
PRC010004,Speaker Cable Jinsanhu2*1.5m2(1roll = 100m),,C-026,2,1,1,0, No Tax, exclusive,,,,,,,,,,,,,,no_image.png,standard
PRC010005,Speaker Cable Jinsanhu 2*2.0m2(1roll = 100m),,C-026,2,1,1,0, No Tax, exclusive,,,,,,,,,,,,,,no_image.png,standard
PRC010006,Speaker Cable Jinsanhu 2*2.5m2(1roll = 100m),,C-026,2,1,1,0, No Tax, exclusive,,,,,,,,,,,,,,no_image.png,standard
PRC010007,T903+T904+Mic cable 144(25M),,C-026,2,1,1,0, No Tax, exclusive,,,,,,,,,,,,,,no_image.png,standard
PRC010008,Speaker Cable Jinsanhu  2*4 m2(1roll= 100m),,C-026,2,1,1,0, No Tax, exclusive,,,,,,,,,,,,,,no_image.png,standard
PRC010009,Speaker Cable HXT 2*2.5MM2,,C-026,2,1,1,0, No Tax, exclusive,,,,,,,,,,,,,,no_image.png,standard
PRC010010,Speaker Cable JHQ 2*4MM2,,C-026,2,1,1,0, No Tax, exclusive,,,,,,,,,,,,,,no_image.png,standard
PRCT010001,T903 (Orang Color),,C-027,1,1,1,0, No Tax, exclusive,,,,,,,,,,,,,,no_image.png,standard
PRCT010002,T904 (Orang Color),,C-027,1,1,1,0, No Tax, exclusive,,,,,,,,,,,,,,no_image.png,standard
PRCT010003,T807G,,C-027,1,1,1,0, No Tax, exclusive,,,,,,,,,,,,,,no_image.png,standard
PRCT010004,Audio Cable 2*2.5m2-T302(10m),,C-027,1,1,1,0, No Tax, exclusive,,,,,,,,,,,,,,no_image.png,standard
PRCT010005,T302(Copper),,C-027,1,1,1,0, No Tax, exclusive,,,,,,,,,,,,,,no_image.png,standard
PRCT010007,T 305 spearkom connector,,C-027,1,1,1,0, No Tax, exclusive,,,,,,,,,,,,,,no_image.png,standard
PRCT010008,T 605 RCA connector/Duy AV /Duy phakar chan ,,C-027,1,1,1,0, No Tax, exclusive,,,,,,,,,,,,,,no_image.png,standard
PRCT010009,T 801 (6Ly) connector,,C-027,1,1,1,0, No Tax, exclusive,,,,,,,,,,,,,,no_image.png,standard
PRCT010010,T 821 BG Audio connector Samsung ,,C-027,1,1,1,0, No Tax, exclusive,,,,,,,,,,,,,,no_image.png,standard
PRCT010011,T 823 LBG Audio connector I phone ,,C-027,1,1,1,0, No Tax, exclusive,,,,,,,,,,,,,,no_image.png,standard
PRCT010012,T320 connector,,C-027,1,1,1,0, No Tax, exclusive,,,,,,,,,,,,,,no_image.png,standard
SP010022,MQ85(Speaker),,C-029,1,1,1,0, No Tax, exclusive,,,,,,,,,,,,,,no_image.png,standard
SP010023,MQ81(Speaker),,C-029,1,1,1,0, No Tax, exclusive,,,,,,,,,,,,,,no_image.png,standard
SPK010001,Speaker Stander SPS-502,,C-031,1,1,1,0, No Tax, exclusive,,,,,,,,,,,,,,no_image.png,standard
SPK010002,Speaker Supporter,,C-031,1,1,1,0, No Tax, exclusive,,,,,,,,,,,,,,no_image.png,standard
SPK010003,Plastick Stand Headset & Stand headset,,C-031,1,1,1,0, No Tax, exclusive,,,,,,,,,,,,,,no_image.png,standard
SPK010004,Steel  Stander,,C-031,1,1,1,0, No Tax, exclusive,,,,,,,,,,,,,,no_image.png,standard
SPK010005,Steel Stander for suround speaker,,C-031,1,1,1,0, No Tax, exclusive,,,,,,,,,,,,,,no_image.png,standard
SPK010006,C25 Stand,,C-031,1,1,1,0, No Tax, exclusive,,,,,,,,,,,,,,no_image.png,standard
SPK010007,Speaker Stand 20cm,,C-031,1,1,1,0, No Tax, exclusive,,,,,,,,,,,,,,no_image.png,standard
SPK010008,Speaker Stand 60cm (local made),,C-031,1,1,1,0, No Tax, exclusive,,,,,,,,,,,,,,no_image.png,standard
SPK010009,Speaker Stand 70cm (Local made),,C-031,1,1,1,0, No Tax, exclusive,,,,,,,,,,,,,,no_image.png,standard
SPK010013,Speaker Stand 45CM (Local made),,C-031,1,1,1,0, No Tax, exclusive,,,,,,,,,,,,,,no_image.png,standard
SPK010014,Speaker Stand SP-1015A,,C-031,1,1,1,0, No Tax, exclusive,,,,,,,,,,,,,,no_image.png,standard
SPK010015,Wall Speaker Stand,,C-031,1,1,1,0, No Tax, exclusive,,,,,,,,,,,,,,no_image.png,standard
SPK010016,In-Ear Headphone Display,,C-031,1,1,1,0, No Tax, exclusive,,,,,,,,,,,,,,no_image.png,standard
SPK010017,JBL Bluetooth 5 Speaker with Display,,C-031,1,1,1,0, No Tax, exclusive,,,,,,,,,,,,,,no_image.png,standard
SPK010018,Speaker Stand Ane,,C-031,1,1,1,0, No Tax, exclusive,,,,,,,,,,,,,,no_image.png,standard
SPK010019,Speaker Stand SY-037,,C-031,1,1,1,0, No Tax, exclusive,,,,,,,,,,,,,,no_image.png,standard
SPK010020,Speaker Stand SY-608,,C-031,1,1,1,0, No Tax, exclusive,,,,,,,,,,,,,,no_image.png,standard
SPK010021,Speaker Stand BMB,,C-031,1,1,1,0, No Tax, exclusive,,,,,,,,,,,,,,no_image.png,standard
SPK010022,Speaker Stand WD338,,C-031,1,1,1,0, No Tax, exclusive,,,,,,,,,,,,,,no_image.png,standard
SPK010023,Stand Square to catch on wall ,,C-031,1,1,1,0, No Tax, exclusive,,,,,,,,,,,,,,no_image.png,standard
SPK010024,STAND VTX A12AF,,C-031,1,1,1,0, No Tax, exclusive,,,,,,,,,,,,,,no_image.png,standard
SPK010025,STAND VTX A12AFEB,,C-031,1,1,1,0, No Tax, exclusive,,,,,,,,,,,,,,no_image.png,standard
SPK010026,Stand DJ 12U,,C-031,1,1,1,0, No Tax, exclusive,,,,,,,,,,,,,,no_image.png,standard
SPK010027,Stand DJ 16U (MX3),,C-031,1,1,1,0, No Tax, exclusive,,,,,,,,,,,,,,no_image.png,standard
SPK010028,Speaker stand VL502(SK502B),,C-031,1,1,1,0, No Tax, exclusive,,,,,,,,,,,,,,no_image.png,standard
SPK010029,Speaker stand VL702,,C-031,1,1,1,0, No Tax, exclusive,,,,,,,,,,,,,,no_image.png,standard
SPK010030,Speaker stand VL703(SP55),,C-031,1,1,1,0, No Tax, exclusive,,,,,,,,,,,,,,no_image.png,standard
SPK010031,Speaker stand SS-X2S,,C-031,1,1,1,0, No Tax, exclusive,,,,,,,,,,,,,,no_image.png,standard
SPK010032,Speaker stand LV-503,,C-031,1,1,1,0, No Tax, exclusive,,,,,,,,,,,,,,no_image.png,standard
TB010001,Rack for amplifier,,C-032,1,1,1,0, No Tax, exclusive,,,,,,,,,,,,,,no_image.png,standard
ZOT010038,Car Bluetooth,,C-033,1,1,1,0, No Tax, exclusive,,,,,,,,,,,,,,no_image.png,standard
ZOT010043,Gan No.16(50m),,C-033,1,1,1,0, No Tax, exclusive,,,,,,,,,,,,,,no_image.png,standard
ZOT010044,Gan No.20 (50m),,C-033,1,1,1,0, No Tax, exclusive,,,,,,,,,,,,,,no_image.png,standard
ZOT010047,Keyboard Casio M2X500,,C-033,1,1,1,0, No Tax, exclusive,,,,,,,,,,,,,,no_image.png,standard
ZOT010049,Yamaha ORS PSR-S950,,C-033,1,1,1,0, No Tax, exclusive,,,,,,,,,,,,,,no_image.png,standard
ZOT010050,RACK 4U ABS CASE ,,C-033,1,1,1,0, No Tax, exclusive,,,,,,,,,,,,,,no_image.png,standard
ZOT010051,9U ABS RACK,,C-033,1,1,1,0, No Tax, exclusive,,,,,,,,,,,,,,no_image.png,standard
ZOT010052,12U ABS RACK,,C-033,1,1,1,0, No Tax, exclusive,,,,,,,,,,,,,,no_image.png,standard
ZOT010053,16U ABS RACK,,C-033,1,1,1,0, No Tax, exclusive,,,,,,,,,,,,,,no_image.png,standard
ZOT010054,RACK 19U ,,C-033,1,1,1,0, No Tax, exclusive,,,,,,,,,,,,,,no_image.png,standard
ZOT010055,JBL BALLON,,C-033,1,1,1,0, No Tax, exclusive,,,,,,,,,,,,,,no_image.png,standard
ZOT010059,Gan 32 (25m),,C-033,1,1,1,0, No Tax, exclusive,,,,,,,,,,,,,,no_image.png,standard
ZOT010060,RACK 8U,,C-033,1,1,1,0, No Tax, exclusive,,,,,,,,,,,,,,no_image.png,standard
